precision,accuracy,recall,duration
0.8591123162551734,0.8356164383561644,0.8218462823725982,628.7291791439056
