precision,accuracy,recall,duration
0.8869505494505494,0.8833333333333333,0.8802776171197224,822.1650307178497
