precision,accuracy,recall,duration
0.8674242424242424,0.8333333333333334,0.8052884615384616,375.4552249908447
