precision,accuracy,recall,duration
0.9924242424242424,0.9926470588235294,0.9929577464788732,953.5628747940063
