precision,accuracy,recall,duration
0.9260392385392384,0.92,0.9200000000000002,2262.165069103241
