precision,accuracy,recall,duration
0.6257144844226812,0.6853932584269663,0.5848067226890756,2988.975626707077
