precision,accuracy,recall,duration
0.0070407734342160565,0.00749063670411985,0.011217948717948716,2988.975626707077
