precision,accuracy,recall,duration
0.3952990391939861,0.3898989898989899,0.38989898989898997,3728.1723914146423
