precision,accuracy,recall,duration
0.6873341407983016,0.6694736842105263,0.6694736842105263,7107.586797237396
