precision,accuracy,recall,duration
0.498117139046024,0.554858934169279,0.4098997237297653,2207.486394405365
