precision,accuracy,recall,duration
0.8674603174603175,0.8611111111111112,0.861111111111111,784.6852068901062
