precision,accuracy,recall,duration
0.004615926708949965,0.005357142857142857,0.005000000000000001,4625.196382522583
