precision,accuracy,recall,duration
0.9719566814848802,0.9696428571428571,0.9696428571428573,4625.196382522583
