precision,accuracy,recall,duration
0.9211861274055911,0.9390532544378698,0.9568346423272811,3042.9698882102966
