precision,accuracy,recall,duration
0.9846938775510203,0.9841269841269841,0.9836363636363636,808.6712894439697
