precision,accuracy,recall,duration
0.5310077519379844,0.7857142857142857,0.5128004179728318,1160.9241757392883
