precision,accuracy,recall,duration
0.6424242424242423,0.6333333333333333,0.6333333333333334,443.06194734573364
