precision,accuracy,recall,duration
0.04470588235294118,0.1,0.08258928571428571,15553.48972916603
