precision,accuracy,recall,duration
0.6066616646658664,0.49,0.5235131931560503,15553.48972916603
