precision,accuracy,recall,duration
0.9261576006679083,0.9265175718849841,0.9259387637203929,2195.2296466827393
