precision,accuracy,recall,duration
0.40541362973451256,0.39779005524861877,0.3978494623655913,6924.570822954178
