precision,accuracy,recall,duration
0.050007750665645403,0.08011049723756906,0.07435897435897434,6924.570822954178
