precision,accuracy,recall,duration
0.8405501223200912,0.8413333333333334,0.8419558008729754,8305.385080575943
