precision,accuracy,recall,duration
0.5085768080690612,0.46685082872928174,0.46806328018786303,8894.064241170883
