precision,accuracy,recall,duration
0.8585150143973673,0.8514285714285714,0.86127062255036,686.8000566959381
