precision,accuracy,recall,duration
0.9019696969696971,0.9,0.9,2902.1158866882324
