precision,accuracy,recall,duration
0.8413488114980652,0.8342857142857143,0.8453194786254672,249.53822708129883
