precision,accuracy,recall,duration
0.030303030303030304,0.05,0.03333333333333333,260.1686325073242
