precision,accuracy,recall,duration
0.34036934798117674,0.32181818181818184,0.33711458200914174,7149.76340341568
