precision,accuracy,recall,duration
0.08333333333333333,0.1,0.08333333333333333,330.7797179222107
