precision,accuracy,recall,duration
0.7766666666666666,0.7,0.7,330.7797179222107
