precision,accuracy,recall,duration
0.04,0.03333333333333333,0.03636363636363636,630.5730304718018
