precision,accuracy,recall,duration
0.7722222222222221,0.7833333333333333,0.7918616310160428,630.5730304718018
