precision,accuracy,recall,duration
0.5767115522106449,0.5727272727272728,0.5727272727272728,8792.742735862732
