precision,accuracy,recall,duration
0.03750019389765306,0.04090909090909091,0.0375,8792.742735862732
