precision,accuracy,recall,duration
0.576865671641791,0.7410071942446043,0.5141483516483516,2981.8130519390106
