precision,accuracy,recall,duration
0.7840112201963534,0.7777777777777778,0.7777777777777778,482.3972828388214
