precision,accuracy,recall,duration
0.797108843537415,0.7714285714285715,0.786967418546366,482.8033590316773
