precision,accuracy,recall,duration
0.5120377554267156,0.7560975609756098,0.4995291400142146,849.289427280426
