precision,accuracy,recall,duration
0.018292682926829267,0.03,0.021897810218978103,20794.60440135002
