precision,accuracy,recall,duration
0.9431492109038737,0.9433333333333334,0.9426134073709194,20794.60440135002
