precision,accuracy,recall,duration
0.7509615384615385,0.7333333333333333,0.7369281045751634,1101.8666203022003
