precision,accuracy,recall,duration
0.6563405797101449,0.6513761467889908,0.6455802968960864,794.7281799316406
