precision,accuracy,recall,duration
0.12077294685990338,0.22935779816513763,0.16025641025641027,794.7281799316406
