precision,accuracy,recall,duration
0.736842105263158,0.7192982456140351,0.7111111111111111,328.2639389038086
