precision,accuracy,recall,duration
0.07017543859649122,0.07017543859649122,0.044444444444444446,328.2639389038086
