precision,accuracy,recall,duration
0.3125,0.4666666666666667,0.3277777777777778,514.4587786197662
