precision,accuracy,recall,duration
0.5375921372015494,0.8025,0.520045588976214,383.9699625968933
